timestamp,step_id,step_title,source,client_doc_target,status,note
2025-10-07 18:42:51,1,Projektinitialisierung,auto-alert-pi/docs/worklog.md,README.md - Projektübersicht,OK,Vollständig abgedeckt
2025-10-07 18:42:51,2,Systemarchitektur,auto-alert-pi/docs/worklog.md,overview/system_structure.md,OK,Mit Diagrammen und visuellen Elementen
2025-10-07 18:42:51,3,Willhaben-Integration,auto-alert-pi/docs/worklog.md,README.md + overview/system_structure.md,OK,Gut erklärt für Laien
2025-10-07 18:42:51,4,Telegram-Benachrichtigung,auto-alert-pi/docs/worklog.md,README.md + overview/system_structure.md,OK,Verständlich dargestellt
2025-10-07 18:42:51,5,Datenbank-Design,auto-alert-pi/docs/worklog.md,overview/system_structure.md,OK,Technisch korrekt erklärt
2025-10-07 18:42:51,6,Testmodule-Entwicklung,auto-alert-pi/docs/worklog.md,progress/updates.md,LUECKENHAFT,Nur kurze Erwähnung - Laien-Erklärung fehlt
2025-10-07 18:42:51,7,API-Analyse,auto-alert-pi-docs/logs/api_structure.md,overview/system_structure.md,LUECKENHAFT,Technische Erwähnung - Vereinfachung nötig
2025-10-07 18:42:51,8,Dokumentationsverbesserungen,auto-alert-pi/docs/worklog.md,progress/updates.md,OK,Regelmäßig aktualisiert
2025-10-07 18:42:51,9,Struktur-Konsolidierung,auto-alert-pi/docs/worklog.md,progress/updates.md,OK,Erwähnt und erklärt
2025-10-07 18:42:51,10,Bereinigung & Navigation,auto-alert-pi/docs/worklog.md,progress/updates.md,OK,Erwähnt und erklärt
2025-10-07 18:42:51,11,Ethische Korrekturen,auto-alert-pi/docs/worklog.md,README.md (Leitvers),OK,Leitvers vorhanden
2025-10-07 18:42:51,12,Zeitstempel-Standardisierung,auto-alert-pi/docs/worklog.md,progress/updates.md,LUECKENHAFT,Nur Erwähnung - Erklärung fehlt
2025-10-07 18:42:51,13,Visual Overhaul,auto-alert-pi-docs/logs/client_visual_update.md,README.md + overview/system_structure.md,OK,Mit Diagrammen und Tabellen
2025-10-07 18:42:51,14,Git-Commit-Historie,auto-alert-pi/docs/worklog.md,progress/updates.md,LUECKENHAFT,Nur Commit-IDs - Erklärung fehlt
2025-10-07 18:42:51,15,Review-Berichte,auto-alert-pi-docs/logs/*.md,progress/updates.md,LUECKENHAFT,Nur Erwähnung - Erklärung fehlt